SampleID	BarcodeSequence	LinkerPrimerSequence	Location	Subject	Age	AgeClass	Sex	Weight	Body	Method	Root_d13C	Root_d15N	Mid_d13C	Mid_d15N	Tip_d13C	Tip_d15N	Average_d13C	Average_d15N
S00F	ATCGGGCTTAAC	GTGTGYCAGCMGCCGCGGTAA	colon	S00	2	subadult	male	50	good	roadkill	-22.78	4.46	-22.46	4.38	-23.03	4.65	-22.76	4.50
S00J	GACTTATGCCCG	GTGTGYCAGCMGCCGCGGTAA	jejunum	S00	2	subadult	male	50	good	roadkill	-22.78	4.46	-22.46	4.38	-23.03	4.65	-22.76	4.50
S02F	AGAGGTATTTGA	GTGTGYCAGCMGCCGCGGTAA	colon	S02	2	subadult	female	180	excellent	bait	-23.15	5.46	-23.68	5.28	-23.19	5.46	-23.34	5.40
S02J	TCGTGACGCTAA	GTGTGYCAGCMGCCGCGGTAA	jejunum	S02	2	subadult	female	180	excellent	bait	-23.15	5.46	-23.68	5.28	-23.19	5.46	-23.34	5.40
S100F	GTCCACTTGGAC	GTGTGYCAGCMGCCGCGGTAA	colon	S100	1	yearling	male	160	excellent	bait	-22.33	4.46	-22.26	4.82	-21.74	5.87	-22.11	5.05
S100J	CACCTGTAGTAG	GTGTGYCAGCMGCCGCGGTAA	jejunum	S100	1	yearling	male	160	excellent	bait	-22.33	4.46	-22.26	4.82	-21.74	5.87	-22.11	5.05
S18F	CGGTTCACATAG	GTGTGYCAGCMGCCGCGGTAA	colon	S18	NA	unknown	unknown	205	excellent	bait	-21.59	5.4	-21.65	5.68	-20.97	5.64	-21.40	5.57
S18J	GAATAAGCTGAT	GTGTGYCAGCMGCCGCGGTAA	jejunum	S18	NA	unknown	unknown	205	excellent	bait	-21.59	5.4	-21.65	5.68	-20.97	5.64	-21.40	5.57
S21F	ATGAATGCGTCC	GTGTGYCAGCMGCCGCGGTAA	colon	S21	2	subadult	male	140	excellent	bait	-22.42	4.17	-22.58	4.06	-24.35	3.98	-23.12	4.07
S21J	CGGACATGCGGA	GTGTGYCAGCMGCCGCGGTAA	jejunum	S21	2	subadult	male	140	excellent	bait	-22.42	4.17	-22.58	4.06	-24.35	3.98	-23.12	4.07
S23F	CCGCCGTAGGGC	GTGTGYCAGCMGCCGCGGTAA	colon	S23	2	subadult	female	200	excellent	bait	-21.55	5.95	-21.75	5.81	-21.79	6	-21.70	5.92
S23J	AGAATAGCGCTT	GTGTGYCAGCMGCCGCGGTAA	jejunum	S23	2	subadult	female	200	excellent	bait	-21.55	5.95	-21.75	5.81	-21.79	6	-21.70	5.92
S24F	ACGCGTGCCCGG	GTGTGYCAGCMGCCGCGGTAA	colon	S24	1	yearling	male	140		bait	-21.28	4.94	-21.45	5.18	-21.45	4.65	-21.39	4.92
S24J	CGCCGCCAGGTG	GTGTGYCAGCMGCCGCGGTAA	jejunum	S24	1	yearling	male	140		bait	-21.28	4.94	-21.45	5.18	-21.45	4.65	-21.39	4.92
S25F	AGTCCTTTATCC	GTGTGYCAGCMGCCGCGGTAA	colon	S25	NA	unknown	female	110	fair	hounds	-22.95	3.4	-22.27	3.3	-22.41	3.23	-22.54	3.31
S25J	GTAGCACTCATG	GTGTGYCAGCMGCCGCGGTAA	jejunum	S25	NA	unknown	female	110	fair	hounds	-22.95	3.4	-22.27	3.3	-22.41	3.23	-22.54	3.31
S26F	TTGAATCCTAAT	GTGTGYCAGCMGCCGCGGTAA	colon	S26	1	yearling	female	120	fair	hounds	-21.10	3.44	-23.97	3.08	-22.58	3.59	-22.55	3.37
S26J	GACAAGAAGGTG	GTGTGYCAGCMGCCGCGGTAA	jejunum	S26	1	yearling	female	120	fair	hounds	-21.10	3.44	-23.97	3.08	-22.58	3.59	-22.55	3.37
S33F	TAGTTGAGCTGA	GTGTGYCAGCMGCCGCGGTAA	colon	S33	1	yearling	male	100	poor	bait	-23.73	3.34	-24.06	3.4	-23.64	4.38	-23.81	3.71
S33J	CGACTGCAGCTT	GTGTGYCAGCMGCCGCGGTAA	jejunum	S33	1	yearling	male	100	poor	bait	-23.73	3.34	-24.06	3.4	-23.64	4.38	-23.81	3.71
S46F	GTATAGTCCGTG	GTGTGYCAGCMGCCGCGGTAA	colon	S46	13	adult	female	256	excellent	hounds	-20.29	5.09	-22.04	4.45	-21.8	4.75	-21.38	4.76
S46J	CCTGTAGGTTGC	GTGTGYCAGCMGCCGCGGTAA	jejunum	S46	13	adult	female	256	excellent	hounds	-20.29	5.09	-22.04	4.45	-21.8	4.75	-21.38	4.76
S47F	TACGTCGTTATT	GTGTGYCAGCMGCCGCGGTAA	colon	S47	10	adult	female	170	excellent	hounds	-19.31	5.93	-19.35	6.33	-18.58	6.55	-19.08	6.27
S47J	GAGTAGGGCACC	GTGTGYCAGCMGCCGCGGTAA	jejunum	S47	10	adult	female	170	excellent	hounds	-19.31	5.93	-19.35	6.33	-18.58	6.55	-19.08	6.27
S48F	ATAGATCAGAAC	GTGTGYCAGCMGCCGCGGTAA	colon	S48	6	adult	male			hounds	-23.78	2.29	-23.66	2.84	-24.49	3.74	-23.98	2.96
S48J	CATTACTTATGC	GTGTGYCAGCMGCCGCGGTAA	jejunum	S48	6	adult	male			hounds	-23.78	2.29	-23.66	2.84	-24.49	3.74	-23.98	2.96
S49F	CACGTCGCGGAG	GTGTGYCAGCMGCCGCGGTAA	colon	S49	2	subadult	male	220	excellent	bait	-23.61	4.57	-23.12	4.64	-24.81	4.07	-23.85	4.43
S50F	CGTTACCGGACT	GTGTGYCAGCMGCCGCGGTAA	colon	S50	2	subadult	female		good	bait	-24.07	2.71	-23.31	3.65	-23.69	4.04	-23.69	3.47
S50J	TTCTTTGCAATG	GTGTGYCAGCMGCCGCGGTAA	jejunum	S50	2	subadult	female		good	bait	-24.07	2.71	-23.31	3.65	-23.69	4.04	-23.69	3.47
S51F	GGACTCAACTAA	GTGTGYCAGCMGCCGCGGTAA	colon	S51	2	subadult	female	170	excellent	hounds	-22.71	5.34	-22.26	5.11	-23.06	5.58	-22.68	5.34
S51J	CGTTAAGTCAGC	GTGTGYCAGCMGCCGCGGTAA	jejunum	S51	2	subadult	female	170	excellent	hounds	-22.71	5.34	-22.26	5.11	-23.06	5.58	-22.68	5.34
S55F	TTATAGATCTCC	GTGTGYCAGCMGCCGCGGTAA	colon	S55	4	adult	male	288	excellent	hounds	-20.84	4.7	-21.79	4.5	-21.01	5.13	-21.21	4.78
S55J	GGTAGCGACGCC	GTGTGYCAGCMGCCGCGGTAA	jejunum	S55	4	adult	male	288	excellent	hounds	-20.84	4.7	-21.79	4.5	-21.01	5.13	-21.21	4.78
S56F	CAGAGGCAGGCT	GTGTGYCAGCMGCCGCGGTAA	colon	S56	1	yearling	male	155	excellent	bait	-24.46	4.64	-24.74	5.26	-24.91	5.33	-24.70	5.08
S56J	CACGAGCTACTC	GTGTGYCAGCMGCCGCGGTAA	jejunum	S56	1	yearling	male	155	excellent	bait	-24.46	4.64	-24.74	5.26	-24.91	5.33	-24.70	5.08
S57F	CGGTGCGAAAGC	GTGTGYCAGCMGCCGCGGTAA	colon	S57	2	subadult	male	150		bait	-23.78	4.45	-23.49	4.44	-25.35	4.47	-24.21	4.45
S57J	ATGAGATGATAC	GTGTGYCAGCMGCCGCGGTAA	jejunum	S57	2	subadult	male	150		bait	-23.78	4.45	-23.49	4.44	-25.35	4.47	-24.21	4.45
S58F	GAGGCTGATTTA	GTGTGYCAGCMGCCGCGGTAA	colon	S58	3	subadult	male	200		bait	-21.52	5.25	-20.93	5.84	-20.43	6.05	-20.96	5.71
S58J	ATTAGCAGCGTA	GTGTGYCAGCMGCCGCGGTAA	jejunum	S58	3	subadult	male	200		bait	-21.52	5.25	-20.93	5.84	-20.43	6.05	-20.96	5.71
S59F	TGAGCTGCGGGA	GTGTGYCAGCMGCCGCGGTAA	colon	S59	1	yearling	male	132		bait	-20.66	5.42	-18.21	5.69	-19.23	5.25	-19.37	5.45
S59J	CTGTCGTGTCAG	GTGTGYCAGCMGCCGCGGTAA	jejunum	S59	1	yearling	male	132		bait	-20.66	5.42	-18.21	5.69	-19.23	5.25	-19.37	5.45
S64F	TTCAAGTTCGTT	GTGTGYCAGCMGCCGCGGTAA	colon	S64	2	subadult	female	190	excellent	bait	-22.64	5.97	-23.08	5.93	-23.75	5.45	-23.16	5.78
S65J	TCTGGGCATTGA	GTGTGYCAGCMGCCGCGGTAA	jejunum	S65	3	subadult	male	230	excellent	bait	-21.68	5.33	-21.27	5.58	-21.19	5.81	-21.38	5.57
S65F	ACAGAGAATTAC	GTGTGYCAGCMGCCGCGGTAA	colon	S65	3	subadult	male	230	excellent	bait	-21.68	5.33	-21.27	5.58	-21.19	5.81	-21.38	5.57
S66F	GCGGTACTACTA	GTGTGYCAGCMGCCGCGGTAA	colon	S66	2	subadult	male	185	excellent	bait	-23.66	4.09	-23.51	4.37	-23.13	4.7	-23.43	4.39
S66J	GTCCTGACACTG	GTGTGYCAGCMGCCGCGGTAA	jejunum	S66	2	subadult	male	185	excellent	bait	-23.66	4.09	-23.51	4.37	-23.13	4.7	-23.43	4.39
S67F	TCAAACTTTCGT	GTGTGYCAGCMGCCGCGGTAA	colon	S67	7	adult	female	338	excellent	bait	-22.33	4.83	-23.45	4.77	-23.38	5.28	-23.05	4.96
S67J	GATGACCCAAAT	GTGTGYCAGCMGCCGCGGTAA	jejunum	S67	7	adult	female	338	excellent	bait	-22.33	4.83	-23.45	4.77	-23.38	5.28	-23.05	4.96
S68F	AGAAACAGCTCT	GTGTGYCAGCMGCCGCGGTAA	colon	S68	1	yearling	male	98	good	bait	-24.40	4.41	-24.62	4.33	-24.73	4.37	-24.58	4.37
S68J	GACTAAGACTAA	GTGTGYCAGCMGCCGCGGTAA	jejunum	S68	1	yearling	male	98	good	bait	-24.40	4.41	-24.62	4.33	-24.73	4.37	-24.58	4.37
S69F	TGCGCAAAGGAG	GTGTGYCAGCMGCCGCGGTAA	colon	S69	3	subadult	male	210	excellent	bait	-22.46	4.68	-22.03	5.03	-19.94	5.38	-21.48	5.03
S69J	ATCACTCTTGTA	GTGTGYCAGCMGCCGCGGTAA	jejunum	S69	3	subadult	male	210	excellent	bait	-22.46	4.68	-22.03	5.03	-19.94	5.38	-21.48	5.03
S70F	CCGAAGATTCTG	GTGTGYCAGCMGCCGCGGTAA	colon	S70	6	adult	male	257	excellent	bait	-21.80	4.06	-22.42	4.18	-21.94	4.6	-22.05	4.28
S70J	AGGTCCAAATCA	GTGTGYCAGCMGCCGCGGTAA	jejunum	S70	6	adult	male	257	excellent	bait	-21.80	4.06	-22.42	4.18	-21.94	4.6	-22.05	4.28
S71F	GTGTAGGTGCTT	GTGTGYCAGCMGCCGCGGTAA	colon	S71	5	adult	female	225		bait	-22.95	3.94	-22.66	4.26	-23.91	3.85	-23.17	4.02
S71J	AACGAATACCAC	GTGTGYCAGCMGCCGCGGTAA	jejunum	S71	5	adult	female	225		bait	-22.95	3.94	-22.66	4.26	-23.91	3.85	-23.17	4.02
S89F	AGTCTGTCTGCG	GTGTGYCAGCMGCCGCGGTAA	colon	S89	4	adult	male	310	excellent	bait	-20.47	4.94	-21.29	4.45	-22.54	4.97	-21.43	4.79
S89J	AGGTACGCAATT	GTGTGYCAGCMGCCGCGGTAA	jejunum	S89	4	adult	male	310	excellent	bait	-20.47	4.94	-21.29	4.45	-22.54	4.97	-21.43	4.79
S94JF	TCACCTCCTTGT	GTGTGYCAGCMGCCGCGGTAA	colon	S94	5	adult	male	300	excellent	bait	-21.64	5.43	-20.87	5.04	-22.98	5.36	-21.83	5.28
S95F	TGGGAGGTGGTA	GTGTGYCAGCMGCCGCGGTAA	colon	S95	4	adult	male	240	excellent	bait	-22.62	4.84	-24.01	4.61	-23.22	4.48	-23.28	4.64
S95J	ACCGTCTTTCTC	GTGTGYCAGCMGCCGCGGTAA	jejunum	S95	4	adult	male	240	excellent	bait	-22.62	4.84	-24.01	4.61	-23.22	4.48	-23.28	4.64
S97F	CAGTGATACTGC	GTGTGYCAGCMGCCGCGGTAA	colon	S97	2	subadult	male	160	excellent	bait	-24.37	4.76	-24.07	5.2	-24.84	5.02	-24.43	4.99
S97J	TTGAGCTTGAGC	GTGTGYCAGCMGCCGCGGTAA	jejunum	S97	2	subadult	female	160	excellent	bait	-24.37	4.76	-24.07	5.2	-24.84	5.02	-24.43	4.99
S98J	CTCGACTGCCTG	GTGTGYCAGCMGCCGCGGTAA	jejunum	S98	8	adult	female	275	excellent	bait	-23.22	4.14	-23.25	5	-23.79	5.2	-23.42	4.78
S99F	AAGGACCGTTTC	GTGTGYCAGCMGCCGCGGTAA	colon	S99	2	subadult	female	125	excellent	bait	-26.45	3.77	-24.25	4.78	-24.16	4.98	-24.95	4.51
S99J	CGTGGAAGACGA	GTGTGYCAGCMGCCGCGGTAA	jejunum	S99	2	subadult	female	125	excellent	bait	-26.45	3.77	-24.25	4.78	-24.16	4.98	-24.95	4.51